treat,depress2,job_seek,age,sex,educ,nonwhite,marital
1,1.7272727489471436,4.833333492279053,34.16712188720703,1,gradwk,non.white1,married
1,2.0,3.8333332538604736,26.101369857788086,0,somcol,white0,nevmarr
1,2.1818182468414307,4.5,35.02191925048828,1,somcol,non.white1,nevmarr
0,1.545454502105713,3.6666667461395264,27.4876708984375,0,bach,white0,married
1,2.3636362552642822,2.5,31.610958099365234,1,highsc,non.white1,separtd
1,1.1818181276321411,4.0,40.4383544921875,0,highsc,white0,married
0,1.454545497894287,4.333333492279053,51.06575393676758,1,gradwk,white0,married
0,3.0,4.333333492279053,49.147945404052734,1,somcol,white0,married
0,1.6363636255264282,3.6666667461395264,30.619178771972656,1,gradwk,non.white1,nevmarr
1,1.6363636255264282,3.3333332538604736,33.34520721435547,0,highsc,non.white1,separtd
1,2.0,4.666666507720947,44.10411071777344,0,bach,white0,married
1,2.4000000953674316,4.166666507720947,35.33150863647461,1,somcol,non.white1,married
1,1.7272727489471436,2.0,25.958904266357422,1,somcol,white0,nevmarr
1,1.6363636255264282,3.6666667461395264,27.668493270874023,0,bach,non.white1,nevmarr
1,2.6363637447357178,4.333333492279053,26.298629760742188,1,somcol,white0,nevmarr
1,1.7272727489471436,4.0,29.591781616210938,0,bach,non.white1,nevmarr
1,1.9090908765792847,4.333333492279053,42.04931640625,1,highsc,white0,nevmarr
1,1.454545497894287,4.333333492279053,39.67671203613281,1,somcol,white0,divrcd
0,3.1818182468414307,4.833333492279053,18.27397346496582,1,highsc,non.white1,nevmarr
0,1.7272727489471436,2.5,23.317808151245117,1,somcol,non.white1,nevmarr
1,1.545454502105713,5.0,45.43287658691406,1,bach,non.white1,separtd
0,1.9090908765792847,4.166666507720947,39.610958099365234,0,somcol,white0,nevmarr
1,1.3636363744735718,2.8333332538604736,36.24109649658203,0,somcol,white0,divrcd
1,3.454545497894287,4.0,42.31232833862305,1,bach,non.white1,divrcd
1,2.0,3.8333332538604736,50.68767166137695,0,bach,white0,married
1,1.1818181276321411,5.0,46.926029205322266,1,somcol,non.white1,divrcd
1,1.9090908765792847,3.1666667461395264,43.31232833862305,0,somcol,white0,nevmarr
1,1.8181818723678589,3.1666667461395264,47.073970794677734,1,gradwk,white0,widowed
0,2.8181817531585693,3.8333332538604736,55.99726104736328,1,lt-hs,white0,married
1,1.3636363744735718,4.0,37.643836975097656,0,somcol,white0,married
0,1.2727272510528564,4.0,39.74794387817383,1,highsc,white0,nevmarr
0,1.454545497894287,3.6666667461395264,51.26575469970703,0,somcol,white0,divrcd
1,1.454545497894287,5.0,34.887672424316406,0,somcol,white0,nevmarr
1,1.0,4.5,64.22465515136719,1,highsc,white0,married
1,1.2727272510528564,5.0,48.4438362121582,0,gradwk,white0,married
0,2.909090995788574,4.833333492279053,25.202739715576172,0,highsc,white0,nevmarr
1,2.090909004211426,4.5,35.56712341308594,0,highsc,white0,divrcd
0,1.3636363744735718,3.8333332538604736,36.830135345458984,1,somcol,white0,married
0,3.454545497894287,3.5,27.060274124145508,1,somcol,white0,nevmarr
1,2.7272727489471436,3.799999952316284,41.22739791870117,1,somcol,white0,married
0,1.2727272510528564,4.5,42.65479278564453,1,somcol,white0,married
0,1.0,4.166666507720947,42.5369873046875,1,highsc,white0,divrcd
1,1.7272727489471436,4.5,37.99452209472656,0,somcol,white0,nevmarr
0,3.6363637447357178,4.0,54.70410919189453,1,highsc,white0,widowed
0,1.3636363744735718,4.0,44.51506805419922,1,somcol,non.white1,married
0,1.454545497894287,4.833333492279053,40.939727783203125,1,somcol,white0,separtd
0,3.0,2.8333332538604736,34.1178092956543,1,bach,white0,married
0,3.0,2.5,20.01917839050293,0,highsc,white0,nevmarr
1,1.545454502105713,3.3333332538604736,42.27397155761719,1,highsc,white0,married
1,1.2727272510528564,4.0,36.98630142211914,0,bach,white0,nevmarr
1,1.0,4.166666507720947,57.28493118286133,0,highsc,white0,married
1,2.1818182468414307,5.0,39.879451751708984,0,somcol,white0,separtd
1,1.2727272510528564,5.0,23.47945213317871,0,highsc,white0,nevmarr
1,3.0,3.6666667461395264,50.9561653137207,1,lt-hs,white0,separtd
0,1.545454502105713,3.1666667461395264,43.120548248291016,0,somcol,white0,nevmarr
0,2.2727272510528564,3.8333332538604736,37.75068664550781,0,highsc,white0,divrcd
1,1.0,3.3333332538604736,43.046573638916016,0,highsc,non.white1,nevmarr
1,2.3636362552642822,3.3333332538604736,39.391780853271484,0,highsc,white0,married
1,1.1818181276321411,3.1666667461395264,32.16712188720703,0,highsc,white0,divrcd
0,1.0909091234207153,3.6666667461395264,25.356164932250977,1,somcol,non.white1,married
1,1.6363636255264282,4.666666507720947,53.109588623046875,1,gradwk,white0,married
0,1.454545497894287,3.5,41.76164245605469,0,gradwk,white0,married
1,1.6363636255264282,2.8333332538604736,37.276710510253906,0,bach,white0,married
1,1.1818181276321411,4.0,44.76712417602539,1,somcol,non.white1,married
1,2.454545497894287,2.6666667461395264,24.97808265686035,1,somcol,non.white1,nevmarr
0,1.2727272510528564,4.166666507720947,33.69588851928711,0,somcol,white0,divrcd
0,2.1818182468414307,3.6666667461395264,52.147945404052734,1,highsc,white0,married
1,2.6363637447357178,5.0,40.96986389160156,1,highsc,white0,nevmarr
1,1.2727272510528564,5.0,32.24383544921875,0,bach,white0,nevmarr
1,1.8181818723678589,2.5,29.279451370239258,1,gradwk,non.white1,nevmarr
1,1.6363636255264282,4.333333492279053,33.416439056396484,1,gradwk,white0,nevmarr
0,2.909090995788574,4.0,37.65205383300781,0,highsc,non.white1,married
1,2.1818182468414307,5.0,20.649314880371094,1,highsc,non.white1,nevmarr
1,1.0,5.0,39.095890045166016,1,bach,non.white1,divrcd
1,1.2727272510528564,4.5,45.646575927734375,1,bach,white0,divrcd
0,2.090909004211426,3.0,21.668493270874023,0,somcol,white0,nevmarr
1,2.090909004211426,4.333333492279053,31.602739334106445,1,bach,white0,nevmarr
1,3.2727272510528564,4.666666507720947,39.427398681640625,0,highsc,white0,married
1,1.0,4.666666507720947,47.26849365234375,1,highsc,white0,divrcd
1,1.2727272510528564,4.0,34.0191764831543,0,gradwk,white0,divrcd
1,1.0,5.0,37.915069580078125,0,highsc,white0,divrcd
1,2.1818182468414307,3.0,35.5369873046875,0,highsc,white0,married
1,1.8181818723678589,5.0,25.093151092529297,1,gradwk,white0,nevmarr
1,1.2999999523162842,5.0,57.76986312866211,1,somcol,white0,divrcd
1,1.454545497894287,4.666666507720947,42.83561706542969,1,highsc,non.white1,married
1,2.454545497894287,3.5,34.16438293457031,0,somcol,non.white1,married
0,1.454545497894287,4.333333492279053,35.876712799072266,0,bach,white0,married
0,1.0,5.0,46.98356246948242,1,somcol,non.white1,nevmarr
0,1.545454502105713,3.6666667461395264,34.635616302490234,0,highsc,white0,nevmarr
0,1.2727272510528564,3.8333332538604736,63.45205307006836,0,bach,white0,married
1,1.0,4.833333492279053,46.328765869140625,1,highsc,white0,married
1,1.2727272510528564,5.0,44.92054748535156,1,somcol,white0,married
0,1.454545497894287,4.666666507720947,41.70410919189453,1,somcol,white0,married
1,1.6363636255264282,4.0,21.695890426635742,1,somcol,white0,married
1,1.3636363744735718,4.0,37.94520568847656,1,somcol,white0,nevmarr
0,1.3636363744735718,4.166666507720947,34.76164245605469,1,lt-hs,white0,married
0,1.6363636255264282,4.5,33.96986389160156,0,somcol,white0,married
1,1.1818181276321411,3.1666667461395264,28.589040756225586,1,highsc,non.white1,nevmarr
1,1.454545497894287,3.8333332538604736,36.62739562988281,1,somcol,white0,nevmarr
1,1.6363636255264282,3.5,33.55342483520508,0,lt-hs,white0,married
1,1.0,3.5,58.03835678100586,1,somcol,white0,married
1,2.1818182468414307,4.0,31.673973083496094,1,somcol,white0,divrcd
0,1.545454502105713,3.3333332538604736,49.80548095703125,1,highsc,white0,divrcd
1,1.0909091234207153,4.333333492279053,59.44657516479492,1,highsc,white0,married
0,1.3636363744735718,5.0,53.79452133178711,0,bach,white0,separtd
1,1.545454502105713,4.833333492279053,44.643836975097656,0,highsc,white0,married
1,1.6363636255264282,5.0,27.92876625061035,1,somcol,white0,nevmarr
0,1.545454502105713,3.1666667461395264,26.28219223022461,0,highsc,white0,nevmarr
1,1.0,4.0,31.48219108581543,0,highsc,white0,nevmarr
1,1.1818181276321411,4.5,20.402740478515625,1,somcol,non.white1,nevmarr
1,1.0,4.0,22.47397232055664,0,lt-hs,white0,nevmarr
1,1.0,4.166666507720947,21.810958862304688,0,somcol,white0,nevmarr
0,1.9090908765792847,3.5,31.906848907470703,1,highsc,non.white1,separtd
1,1.2727272510528564,4.166666507720947,26.180822372436523,0,lt-hs,white0,nevmarr
1,2.1818182468414307,4.166666507720947,23.69862937927246,1,somcol,white0,nevmarr
1,1.0,5.0,56.854793548583984,0,bach,white0,married
1,1.454545497894287,3.5,27.28767204284668,1,highsc,white0,nevmarr
1,2.7272727489471436,4.166666507720947,27.580821990966797,1,highsc,white0,married
0,1.9090908765792847,4.166666507720947,64.38082122802734,0,somcol,white0,married
1,1.454545497894287,3.6666667461395264,25.676712036132812,1,highsc,white0,nevmarr
1,2.545454502105713,1.8333333730697632,20.063013076782227,1,lt-hs,white0,nevmarr
1,2.090909004211426,3.0,43.120548248291016,0,gradwk,white0,nevmarr
1,1.0,5.0,29.827396392822266,0,somcol,white0,married
0,1.7272727489471436,4.333333492279053,67.50411224365234,0,highsc,white0,married
1,1.2727272510528564,4.0,37.79178237915039,1,somcol,white0,divrcd
1,1.9090908765792847,3.8333332538604736,27.03835678100586,0,somcol,white0,nevmarr
1,1.2727272510528564,3.6666667461395264,48.413700103759766,0,highsc,non.white1,separtd
1,1.7272727489471436,3.8333332538604736,31.117807388305664,0,highsc,white0,married
1,1.0909091234207153,3.8333332538604736,45.441097259521484,0,somcol,white0,divrcd
1,1.3636363744735718,4.666666507720947,30.394519805908203,1,gradwk,white0,nevmarr
0,1.0909091234207153,4.333333492279053,50.06301498413086,0,highsc,white0,married
0,3.0,3.1666667461395264,28.830137252807617,0,highsc,white0,married
1,1.7272727489471436,4.666666507720947,35.00273895263672,1,bach,white0,divrcd
1,3.090909004211426,4.0,38.75616455078125,1,somcol,white0,nevmarr
0,1.9090908765792847,4.666666507720947,40.01369857788086,0,highsc,white0,married
0,1.454545497894287,4.333333492279053,25.128767013549805,1,somcol,non.white1,separtd
0,1.0,4.666666507720947,52.37260437011719,0,highsc,white0,divrcd
1,1.8181818723678589,4.666666507720947,34.865753173828125,1,somcol,white0,married
1,2.0,3.3333332538604736,28.087671279907227,0,somcol,white0,nevmarr
1,3.454545497894287,3.3333332538604736,44.49314880371094,0,lt-hs,non.white1,divrcd
1,1.600000023841858,3.5,59.33424758911133,1,highsc,white0,married
1,2.1818182468414307,3.1666667461395264,51.032875061035156,1,highsc,white0,married
0,1.2727272510528564,5.0,34.21917724609375,1,bach,white0,divrcd
1,1.5,4.0,60.375343322753906,1,bach,white0,divrcd
1,1.3636363744735718,3.0,46.01643753051758,0,highsc,white0,married
1,1.0,4.666666507720947,58.75068664550781,1,somcol,white0,divrcd
0,1.1818181276321411,4.666666507720947,23.706850051879883,1,bach,white0,married
1,1.545454502105713,4.0,44.20547866821289,1,highsc,non.white1,divrcd
1,3.909090995788574,4.5,32.77808380126953,1,somcol,white0,nevmarr
1,1.2727272510528564,3.0,56.38356018066406,1,highsc,non.white1,divrcd
1,2.545454502105713,3.1666667461395264,51.56712341308594,1,somcol,non.white1,married
0,2.7272727489471436,4.5,43.802738189697266,1,highsc,white0,married
0,1.0,3.3333332538604736,45.416439056396484,1,highsc,non.white1,married
1,1.0909091234207153,5.0,35.97260284423828,1,gradwk,white0,married
0,2.5,3.8333332538604736,36.28219223022461,0,somcol,white0,married
1,1.1818181276321411,5.0,23.227397918701172,0,somcol,white0,nevmarr
0,1.545454502105713,4.5,58.47671127319336,0,somcol,white0,married
1,1.0909091234207153,4.0,42.134246826171875,1,highsc,white0,married
1,1.0909091234207153,4.166666507720947,44.32054901123047,1,gradwk,white0,married
1,1.2727272510528564,3.5,23.917808532714844,1,somcol,white0,nevmarr
1,1.9090908765792847,4.0,43.6054801940918,1,highsc,white0,married
1,1.454545497894287,4.166666507720947,28.353424072265625,1,highsc,white0,married
1,1.545454502105713,4.333333492279053,28.591781616210938,1,bach,white0,nevmarr
1,2.3636362552642822,4.166666507720947,29.73972511291504,0,gradwk,white0,nevmarr
1,2.0,3.3333332538604736,29.94246482849121,0,highsc,white0,nevmarr
1,2.1818182468414307,3.5,39.46027374267578,0,gradwk,white0,married
1,1.0,3.6666667461395264,54.082191467285156,0,highsc,white0,married
1,2.3636362552642822,3.8333332538604736,44.71232986450195,0,gradwk,white0,married
1,2.2727272510528564,3.6666667461395264,31.05753517150879,0,somcol,white0,married
1,1.1818181276321411,4.333333492279053,35.47123336791992,0,highsc,white0,married
0,1.8181818723678589,3.5,45.51780700683594,0,somcol,white0,married
1,1.9090908765792847,5.0,53.147945404052734,1,bach,white0,nevmarr
1,4.454545497894287,4.5,28.610958099365234,1,gradwk,white0,married
1,1.545454502105713,3.6666667461395264,31.810958862304688,1,highsc,white0,married
0,1.6363636255264282,4.5,41.63835525512695,1,highsc,white0,married
1,1.454545497894287,4.333333492279053,49.20000076293945,0,bach,white0,married
0,1.3636363744735718,4.0,20.424657821655273,0,highsc,white0,nevmarr
1,1.1818181276321411,5.0,40.27397155761719,0,somcol,white0,divrcd
1,1.454545497894287,5.0,27.01095962524414,0,gradwk,white0,married
1,2.090909004211426,3.8333332538604736,40.40821838378906,0,somcol,non.white1,married
1,1.0,4.666666507720947,33.44657516479492,1,somcol,non.white1,married
0,2.545454502105713,3.8333332538604736,26.74520492553711,0,bach,white0,nevmarr
1,1.3636363744735718,3.8333332538604736,33.276710510253906,0,bach,white0,nevmarr
0,1.6363636255264282,4.833333492279053,24.94794464111328,0,somcol,white0,nevmarr
1,1.0909091234207153,5.0,39.416439056396484,1,somcol,white0,divrcd
0,1.1818181276321411,4.166666507720947,36.84657669067383,0,somcol,white0,separtd
1,1.6363636255264282,3.1666667461395264,36.00547790527344,1,bach,white0,divrcd
1,2.6363637447357178,4.333333492279053,26.791780471801758,0,bach,white0,married
0,1.3636363744735718,3.6666667461395264,56.109588623046875,0,gradwk,non.white1,married
1,1.0,4.5,35.975341796875,1,bach,non.white1,married
1,1.2727272510528564,4.333333492279053,37.55068588256836,0,somcol,white0,married
0,1.0,3.6666667461395264,30.50136947631836,0,somcol,white0,divrcd
1,1.1818181276321411,4.666666507720947,30.3150691986084,1,bach,white0,nevmarr
1,1.2727272510528564,4.166666507720947,26.03835678100586,1,bach,non.white1,married
1,1.0,4.833333492279053,56.608219146728516,1,highsc,white0,divrcd
0,2.5999999046325684,3.8333332538604736,43.81095886230469,1,somcol,white0,married
1,1.3636363744735718,4.666666507720947,49.868492126464844,1,bach,white0,divrcd
0,1.454545497894287,5.0,25.578083038330078,0,somcol,non.white1,nevmarr
1,2.3636362552642822,3.8333332538604736,27.8027400970459,0,somcol,non.white1,nevmarr
0,1.0909091234207153,4.5,40.29862976074219,0,somcol,white0,married
1,1.8181818723678589,4.333333492279053,47.79999923706055,0,gradwk,white0,divrcd
0,1.7272727489471436,5.0,45.123287200927734,1,somcol,white0,married
1,1.545454502105713,4.0,39.10137176513672,1,bach,white0,divrcd
1,2.0,4.333333492279053,45.830135345458984,1,highsc,white0,divrcd
0,1.6363636255264282,4.0,35.45753479003906,1,highsc,white0,divrcd
1,1.0909091234207153,4.166666507720947,57.67671203613281,0,lt-hs,white0,married
1,1.0909091234207153,5.0,34.378082275390625,1,highsc,white0,separtd
1,1.0909091234207153,4.333333492279053,48.78630065917969,1,highsc,white0,married
0,1.7272727489471436,4.0,27.73972511291504,1,gradwk,white0,married
0,1.2727272510528564,4.5,24.75068473815918,1,bach,white0,nevmarr
1,3.1818182468414307,3.0,52.55068588256836,0,gradwk,white0,married
1,2.090909004211426,4.833333492279053,46.52602767944336,1,highsc,white0,married
1,1.454545497894287,3.3333332538604736,27.613698959350586,0,somcol,white0,married
0,2.7272727489471436,2.5,43.53972625732422,1,highsc,white0,married
0,1.3636363744735718,5.0,39.838356018066406,1,gradwk,white0,married
0,1.8181818723678589,5.0,38.26301193237305,0,gradwk,white0,nevmarr
0,2.3636362552642822,4.166666507720947,42.27123260498047,1,somcol,white0,married
1,2.0,5.0,39.405479431152344,0,gradwk,white0,nevmarr
1,1.0909091234207153,4.666666507720947,27.77534294128418,0,somcol,white0,separtd
0,2.454545497894287,3.8333332538604736,52.96164321899414,1,highsc,white0,married
1,1.1818181276321411,4.5,25.857534408569336,0,highsc,white0,married
0,1.3636363744735718,4.0,53.545204162597656,1,highsc,white0,widowed
0,1.6363636255264282,3.8333332538604736,45.9561653137207,0,highsc,white0,divrcd
0,1.0,3.6666667461395264,31.597259521484375,0,somcol,white0,married
0,1.6363636255264282,4.0,27.084932327270508,0,bach,white0,married
0,2.8181817531585693,3.5,26.580821990966797,1,highsc,white0,married
1,1.0,5.0,42.12602615356445,1,gradwk,white0,nevmarr
1,2.0,3.3333332538604736,23.7095890045166,0,somcol,white0,nevmarr
1,1.454545497894287,4.0,56.106849670410156,1,lt-hs,white0,married
0,1.6363636255264282,4.333333492279053,31.21095848083496,1,highsc,white0,married
1,1.3636363744735718,4.333333492279053,45.671234130859375,0,highsc,white0,married
1,1.1818181276321411,3.8333332538604736,61.47397232055664,0,highsc,white0,married
0,1.0,3.6666667461395264,59.76164245605469,0,gradwk,white0,married
0,2.8181817531585693,3.8333332538604736,37.52328872680664,1,somcol,white0,nevmarr
1,1.6363636255264282,4.0,30.03287696838379,0,gradwk,white0,nevmarr
0,1.2727272510528564,3.8333332538604736,51.97808074951172,0,highsc,white0,married
0,1.0909091234207153,5.0,42.413700103759766,0,somcol,white0,married
1,3.0,4.333333492279053,35.26849365234375,0,somcol,white0,married
1,1.1818181276321411,3.8333332538604736,22.969863891601562,0,highsc,white0,nevmarr
1,2.090909004211426,4.166666507720947,35.915069580078125,0,bach,white0,nevmarr
0,1.0,4.0,34.25753402709961,1,highsc,white0,nevmarr
1,1.454545497894287,2.6666667461395264,27.701370239257812,1,somcol,non.white1,married
1,1.0,5.0,35.43287658691406,0,somcol,white0,married
1,1.1818181276321411,5.0,41.33150863647461,0,bach,white0,separtd
1,2.2727272510528564,3.5,28.931507110595703,0,somcol,white0,nevmarr
1,1.1818181276321411,5.0,18.687671661376953,1,highsc,white0,nevmarr
0,1.2727272510528564,4.5,35.29589080810547,0,bach,white0,married
0,3.090909004211426,2.3333332538604736,23.131505966186523,0,highsc,white0,nevmarr
1,2.8181817531585693,4.833333492279053,44.05479431152344,0,lt-hs,white0,married
1,1.6363636255264282,2.6666667461395264,36.55342483520508,1,somcol,white0,married
1,1.399999976158142,4.166666507720947,39.96986389160156,1,somcol,white0,divrcd
1,1.0,4.0,44.5369873046875,0,lt-hs,white0,divrcd
1,1.8181818723678589,5.0,32.75890350341797,1,bach,white0,nevmarr
1,2.6363637447357178,3.1666667461395264,37.40821838378906,0,somcol,white0,married
1,1.7272727489471436,4.166666507720947,24.060274124145508,1,highsc,white0,nevmarr
0,1.3636363744735718,3.5,21.413698196411133,0,somcol,white0,nevmarr
0,2.545454502105713,4.0,37.15068435668945,1,somcol,white0,divrcd
0,1.6363636255264282,2.6666667461395264,28.78904151916504,0,lt-hs,white0,married
1,2.0,4.5,34.11507034301758,0,somcol,white0,divrcd
1,1.0,5.0,23.063013076782227,0,lt-hs,non.white1,nevmarr
1,1.2727272510528564,4.5,32.92054748535156,1,somcol,non.white1,married
1,2.454545497894287,4.666666507720947,53.558902740478516,1,somcol,white0,divrcd
0,1.0,5.0,32.405479431152344,0,somcol,white0,married
0,1.8181818723678589,3.6666667461395264,39.83287811279297,1,somcol,non.white1,divrcd
0,1.0,5.0,24.20547866821289,0,bach,non.white1,nevmarr
1,2.6363637447357178,4.666666507720947,45.70137023925781,1,somcol,white0,divrcd
0,1.545454502105713,4.666666507720947,28.76712417602539,1,somcol,non.white1,nevmarr
1,1.3636363744735718,5.0,31.665754318237305,0,bach,white0,married
1,1.545454502105713,4.0,32.71506881713867,0,gradwk,white0,married
1,1.2727272510528564,4.5,35.29862976074219,0,highsc,white0,married
1,2.090909004211426,5.0,48.97808074951172,1,highsc,white0,married
1,2.454545497894287,3.8333332538604736,35.9808235168457,0,lt-hs,white0,separtd
1,1.0909091234207153,4.166666507720947,42.879451751708984,1,highsc,non.white1,married
0,1.3636363744735718,4.833333492279053,26.799999237060547,0,somcol,white0,married
1,1.2727272510528564,4.0,25.54520606994629,1,lt-hs,white0,nevmarr
1,2.2727272510528564,4.166666507720947,31.389041900634766,0,lt-hs,white0,married
1,1.9090908765792847,2.3333332538604736,36.4191780090332,0,somcol,white0,nevmarr
0,1.6363636255264282,3.6666667461395264,33.68218994140625,1,somcol,white0,married
0,1.0,5.0,45.0191764831543,1,highsc,white0,divrcd
1,2.7272727489471436,4.166666507720947,41.698631286621094,0,highsc,white0,divrcd
0,1.9090908765792847,4.833333492279053,27.92876625061035,0,gradwk,white0,divrcd
1,2.7272727489471436,4.333333492279053,40.10137176513672,1,gradwk,white0,married
0,2.0,2.8333332538604736,47.77808380126953,1,highsc,white0,divrcd
1,1.0,4.333333492279053,44.18904113769531,0,bach,white0,married
1,1.3636363744735718,3.3333332538604736,33.33150863647461,1,bach,white0,married
1,1.0,3.8333332538604736,46.29862976074219,1,somcol,white0,married
1,1.0,5.0,29.578083038330078,0,highsc,white0,married
1,1.8181818723678589,3.8333332538604736,39.23013687133789,0,gradwk,white0,divrcd
0,1.3636363744735718,4.5,23.200000762939453,0,somcol,non.white1,nevmarr
1,2.909090995788574,3.3333332538604736,53.15342330932617,1,highsc,white0,widowed
0,1.3636363744735718,4.166666507720947,35.80821990966797,1,bach,white0,nevmarr
0,1.0,4.333333492279053,55.28767013549805,1,somcol,white0,married
1,1.1818181276321411,4.833333492279053,30.627397537231445,0,somcol,white0,married
0,3.090909004211426,3.5,44.441097259521484,0,somcol,white0,divrcd
1,1.3636363744735718,4.833333492279053,44.45753479003906,0,highsc,white0,married
1,2.454545497894287,3.8333332538604736,44.643836975097656,1,somcol,white0,married
1,1.0,4.0,29.50411033630371,0,bach,non.white1,married
0,1.6363636255264282,4.5,52.057533264160156,1,highsc,white0,married
1,1.0,4.5,43.61643981933594,0,bach,white0,married
0,1.0,4.0,24.358903884887695,1,somcol,non.white1,nevmarr
0,2.8181817531585693,3.0,40.11507034301758,0,somcol,white0,married
1,1.9090908765792847,1.1666666269302368,42.8575325012207,1,highsc,white0,divrcd
1,1.454545497894287,3.6666667461395264,36.635616302490234,0,highsc,white0,married
1,1.7272727489471436,4.5,43.80821990966797,1,highsc,white0,separtd
1,1.0909091234207153,3.5,29.44931411743164,1,bach,white0,divrcd
0,2.2727272510528564,2.8333332538604736,34.06575393676758,1,somcol,white0,married
1,2.6363637447357178,5.0,35.599998474121094,1,highsc,white0,married
1,1.3636363744735718,3.8333332538604736,53.49314880371094,1,highsc,white0,divrcd
0,1.3636363744735718,4.833333492279053,33.876712799072266,0,highsc,white0,married
1,1.3636363744735718,4.333333492279053,26.663013458251953,0,somcol,white0,married
1,1.0,4.333333492279053,41.649314880371094,0,highsc,white0,married
0,2.0,4.666666507720947,26.178081512451172,0,bach,white0,nevmarr
0,1.6363636255264282,5.0,23.536985397338867,1,highsc,white0,nevmarr
0,1.454545497894287,3.6666667461395264,30.147945404052734,0,bach,white0,nevmarr
0,2.090909004211426,4.5,31.399999618530273,1,bach,white0,divrcd
1,1.7272727489471436,3.5,31.7342472076416,1,somcol,white0,nevmarr
1,1.7272727489471436,3.8333332538604736,27.430137634277344,1,gradwk,non.white1,nevmarr
0,2.200000047683716,4.166666507720947,40.197261810302734,1,lt-hs,white0,divrcd
0,1.454545497894287,5.0,51.28219223022461,0,lt-hs,white0,married
1,1.2727272510528564,3.6666667461395264,37.967124938964844,1,somcol,white0,nevmarr
1,2.090909004211426,5.0,29.7095890045166,1,somcol,non.white1,separtd
0,3.0,3.3333332538604736,36.70137023925781,1,highsc,white0,married
1,1.2727272510528564,3.8333332538604736,33.89862823486328,1,highsc,white0,nevmarr
1,1.2727272510528564,4.666666507720947,42.74520492553711,1,highsc,white0,divrcd
1,1.545454502105713,4.5,29.227397918701172,1,somcol,white0,married
0,1.1818181276321411,4.166666507720947,25.50684928894043,0,bach,white0,married
1,1.6363636255264282,3.1666667461395264,22.136985778808594,0,highsc,white0,nevmarr
0,1.1818181276321411,4.333333492279053,32.79178237915039,0,gradwk,white0,married
1,2.0,4.333333492279053,21.865753173828125,0,highsc,white0,nevmarr
1,1.0909091234207153,4.166666507720947,24.638355255126953,0,highsc,non.white1,nevmarr
1,1.0,3.3333332538604736,57.136985778808594,1,lt-hs,white0,married
1,1.3636363744735718,4.666666507720947,47.02739715576172,1,bach,non.white1,divrcd
1,2.454545497894287,3.8333332538604736,48.841094970703125,1,highsc,white0,divrcd
0,1.0909091234207153,4.0,33.31781005859375,0,highsc,white0,married
1,1.1818181276321411,4.333333492279053,34.5616455078125,0,highsc,white0,married
1,1.7272727489471436,4.166666507720947,26.27397346496582,1,highsc,non.white1,nevmarr
1,1.8181818723678589,4.333333492279053,27.112329483032227,0,highsc,white0,married
1,2.2727272510528564,2.5,34.46575164794922,0,gradwk,white0,nevmarr
0,2.2727272510528564,3.6666667461395264,28.7342472076416,0,bach,white0,nevmarr
1,2.0,3.1666667461395264,22.49315071105957,1,highsc,white0,married
1,2.1818182468414307,3.0,37.87397384643555,1,highsc,white0,married
0,1.1818181276321411,3.8333332538604736,40.087669372558594,1,somcol,non.white1,divrcd
1,1.2727272510528564,5.0,33.32054901123047,0,highsc,white0,married
1,1.9090908765792847,2.3333332538604736,30.665754318237305,0,highsc,white0,nevmarr
0,1.0909091234207153,2.8333332538604736,41.55068588256836,1,somcol,white0,married
1,1.0909091234207153,4.5,30.375343322753906,0,highsc,white0,married
0,1.7272727489471436,4.833333492279053,37.68218994140625,1,somcol,white0,nevmarr
1,2.6363637447357178,4.166666507720947,25.49863052368164,1,highsc,white0,nevmarr
0,2.909090995788574,4.166666507720947,50.5561637878418,1,highsc,white0,divrcd
1,1.0909091234207153,4.833333492279053,29.200000762939453,1,bach,white0,married
1,2.299999952316284,3.3333332538604736,24.871232986450195,1,bach,white0,nevmarr
1,2.0,4.5,20.126028060913086,0,highsc,white0,nevmarr
1,1.9090908765792847,3.0,47.22191619873047,1,highsc,white0,married
1,3.0,5.0,49.78082275390625,1,lt-hs,white0,divrcd
1,1.545454502105713,4.333333492279053,27.356164932250977,1,gradwk,white0,married
1,1.0,5.0,32.31232833862305,1,highsc,white0,married
1,1.6363636255264282,3.5,28.55068588256836,1,highsc,white0,married
0,2.090909004211426,2.0,39.10411071777344,1,bach,white0,nevmarr
1,1.6363636255264282,3.5,25.01917839050293,1,highsc,white0,nevmarr
1,1.1818181276321411,3.3333332538604736,21.126028060913086,1,somcol,white0,nevmarr
0,1.9090908765792847,4.833333492279053,42.813697814941406,0,gradwk,white0,married
0,1.9090908765792847,3.1666667461395264,41.353424072265625,0,somcol,white0,divrcd
1,1.0,1.0,60.5616455078125,1,somcol,white0,widowed
1,1.0,5.0,47.19451904296875,0,bach,white0,married
1,2.2727272510528564,4.0,49.852054595947266,0,highsc,non.white1,divrcd
1,1.1818181276321411,4.333333492279053,37.56438446044922,1,highsc,white0,nevmarr
0,1.7272727489471436,3.6666667461395264,52.32054901123047,0,highsc,white0,married
1,1.8181818723678589,5.0,32.082191467285156,0,somcol,white0,nevmarr
1,3.545454502105713,4.666666507720947,39.120548248291016,0,somcol,non.white1,nevmarr
1,1.0,4.166666507720947,31.69862937927246,0,somcol,white0,married
1,1.0909091234207153,4.0,26.50136947631836,0,bach,white0,nevmarr
0,1.545454502105713,3.8333332538604736,62.17534255981445,0,bach,white0,married
1,1.0,4.666666507720947,51.33424758911133,1,highsc,non.white1,married
1,1.3636363744735718,4.0,56.402740478515625,1,somcol,white0,married
1,1.9090908765792847,1.8333333730697632,27.79452133178711,0,somcol,non.white1,nevmarr
0,1.7272727489471436,3.8333332538604736,43.33698654174805,1,gradwk,white0,married
1,1.7272727489471436,4.833333492279053,51.20273971557617,0,bach,white0,married
1,1.0909091234207153,5.0,27.931507110595703,1,somcol,white0,married
1,1.3636363744735718,4.5,44.04109573364258,0,bach,white0,married
0,2.6363637447357178,4.333333492279053,72.47945404052734,0,gradwk,white0,married
1,1.0,5.0,28.405479431152344,1,highsc,white0,divrcd
0,1.3636363744735718,4.666666507720947,37.71780776977539,0,highsc,non.white1,separtd
1,1.1818181276321411,4.333333492279053,35.70684814453125,0,gradwk,white0,married
0,1.0,5.0,24.827396392822266,1,highsc,non.white1,nevmarr
1,1.6363636255264282,5.0,32.40821838378906,1,bach,white0,divrcd
0,1.0909091234207153,2.8333332538604736,60.10411071777344,1,somcol,white0,married
1,1.545454502105713,4.666666507720947,41.594520568847656,1,bach,white0,married
1,2.0,3.6666667461395264,54.78082275390625,0,highsc,white0,married
1,2.3636362552642822,4.166666507720947,47.34794616699219,1,bach,white0,divrcd
1,2.3636362552642822,3.5,35.72876739501953,1,bach,white0,married
1,2.1818182468414307,4.333333492279053,45.9808235168457,0,gradwk,white0,divrcd
1,1.2727272510528564,5.0,44.405479431152344,1,somcol,white0,divrcd
1,2.6363637447357178,4.0,23.73972511291504,0,bach,white0,nevmarr
0,1.0,5.0,40.890411376953125,1,somcol,white0,married
0,2.090909004211426,4.166666507720947,31.693151473999023,0,gradwk,white0,nevmarr
1,2.454545497894287,5.0,30.345205307006836,1,somcol,white0,divrcd
1,2.0,4.333333492279053,53.024658203125,0,somcol,white0,married
0,1.7272727489471436,4.666666507720947,28.452054977416992,0,highsc,white0,married
0,1.6363636255264282,3.8333332538604736,52.49589157104492,1,highsc,white0,married
1,1.8181818723678589,4.166666507720947,50.087669372558594,1,somcol,white0,married
1,1.1818181276321411,5.0,28.863014221191406,1,bach,white0,married
0,1.8181818723678589,3.8333332538604736,57.24657440185547,1,somcol,white0,divrcd
1,1.1818181276321411,4.0,63.057533264160156,0,somcol,white0,married
0,2.2727272510528564,4.666666507720947,34.56712341308594,0,somcol,white0,divrcd
1,1.0,4.5,28.50958824157715,0,somcol,white0,married
1,1.1818181276321411,4.333333492279053,43.134246826171875,0,bach,white0,married
1,2.090909004211426,4.166666507720947,24.50411033630371,0,somcol,white0,nevmarr
1,2.454545497894287,4.333333492279053,29.668493270874023,1,somcol,white0,nevmarr
1,1.454545497894287,5.0,46.649314880371094,1,gradwk,white0,married
1,1.2727272510528564,4.666666507720947,38.06575393676758,0,gradwk,white0,married
0,1.0,4.666666507720947,53.5123291015625,1,highsc,white0,married
1,3.545454502105713,3.1666667461395264,23.772602081298828,1,bach,white0,nevmarr
0,1.1818181276321411,5.0,58.210960388183594,0,lt-hs,white0,married
0,3.1818182468414307,3.6666667461395264,32.86027526855469,1,highsc,white0,married
1,3.0,3.8333332538604736,39.0931510925293,0,somcol,white0,divrcd
1,1.8181818723678589,3.1666667461395264,43.71232986450195,1,highsc,white0,divrcd
1,1.0,4.0,50.109588623046875,1,highsc,white0,married
0,1.6363636255264282,4.166666507720947,26.416439056396484,0,somcol,white0,nevmarr
1,1.454545497894287,3.1666667461395264,46.73972702026367,1,somcol,white0,nevmarr
0,1.7272727489471436,4.0,46.843833923339844,1,somcol,white0,divrcd
1,1.0,4.666666507720947,48.21369934082031,0,somcol,non.white1,married
1,1.8181818723678589,3.1666667461395264,39.95890426635742,1,somcol,white0,divrcd
1,1.454545497894287,4.0,59.70137023925781,0,highsc,white0,married
0,1.7272727489471436,4.0,31.673973083496094,1,somcol,white0,nevmarr
1,2.3636362552642822,4.166666507720947,29.6849308013916,0,gradwk,white0,married
1,1.0,4.666666507720947,30.339725494384766,0,somcol,white0,divrcd
1,1.2727272510528564,3.8333332538604736,39.76986312866211,0,bach,non.white1,married
1,1.454545497894287,4.5,38.20000076293945,1,bach,white0,married
1,2.6363637447357178,4.166666507720947,40.66849136352539,0,gradwk,white0,divrcd
1,1.2727272510528564,4.166666507720947,26.0,0,highsc,white0,nevmarr
1,2.1818182468414307,4.0,34.77260208129883,1,bach,white0,nevmarr
1,1.0,3.3333332538604736,56.29862976074219,0,highsc,white0,married
0,2.545454502105713,3.0,31.309589385986328,1,somcol,white0,married
0,1.8181818723678589,3.5,26.74520492553711,1,lt-hs,white0,married
0,1.0,3.5,22.96164321899414,0,highsc,white0,nevmarr
1,2.0,3.5,45.169864654541016,0,bach,white0,nevmarr
1,1.9090908765792847,3.6666667461395264,44.99726104736328,1,gradwk,white0,married
1,1.3636363744735718,3.8333332538604736,36.44931411743164,0,gradwk,white0,nevmarr
0,1.0909091234207153,3.5,52.73698806762695,1,somcol,white0,widowed
1,1.6363636255264282,4.0,25.150684356689453,0,lt-hs,white0,nevmarr
1,1.545454502105713,3.1666667461395264,32.19451904296875,1,somcol,white0,divrcd
1,1.0909091234207153,5.0,26.786300659179688,0,bach,white0,married
1,1.7272727489471436,4.0,49.41095733642578,1,somcol,white0,divrcd
0,1.3636363744735718,4.666666507720947,32.70410919189453,1,bach,non.white1,nevmarr
1,1.1818181276321411,5.0,27.616437911987305,1,somcol,white0,divrcd
0,1.8181818723678589,4.333333492279053,35.37260437011719,0,highsc,white0,nevmarr
1,1.1818181276321411,3.1666667461395264,22.528766632080078,0,highsc,white0,married
0,1.454545497894287,4.0,22.142465591430664,0,highsc,white0,nevmarr
1,1.0909091234207153,4.166666507720947,35.95068359375,1,highsc,white0,married
1,1.600000023841858,3.6666667461395264,45.19451904296875,0,bach,white0,married
1,1.6363636255264282,3.1666667461395264,36.375343322753906,1,highsc,white0,married
0,1.6363636255264282,4.333333492279053,38.98630142211914,1,highsc,non.white1,married
1,1.2000000476837158,3.6666667461395264,57.50685119628906,1,highsc,white0,nevmarr
1,1.1818181276321411,4.5,24.79452133178711,0,highsc,white0,nevmarr
1,1.0,4.666666507720947,44.890411376953125,0,gradwk,white0,married
0,2.1818182468414307,4.333333492279053,42.156166076660156,1,somcol,white0,married
1,1.6363636255264282,4.666666507720947,37.901371002197266,0,somcol,white0,married
0,1.454545497894287,4.833333492279053,56.30958938598633,0,lt-hs,white0,married
1,2.7272727489471436,5.0,41.20821762084961,1,highsc,white0,separtd
0,1.8181818723678589,2.1666667461395264,30.43561553955078,1,bach,white0,married
0,1.8181818723678589,3.6666667461395264,33.72602844238281,1,somcol,non.white1,nevmarr
0,1.1818181276321411,3.6666667461395264,32.60274124145508,1,highsc,white0,married
0,1.7272727489471436,4.5,26.328767776489258,1,bach,white0,nevmarr
0,1.9090908765792847,4.166666507720947,20.693151473999023,1,somcol,white0,nevmarr
0,1.6363636255264282,4.166666507720947,48.156166076660156,1,gradwk,white0,married
0,1.0,5.0,37.76986312866211,1,highsc,white0,divrcd
0,1.545454502105713,3.0,21.873971939086914,1,highsc,white0,nevmarr
1,1.6363636255264282,3.8333332538604736,37.68767166137695,0,somcol,white0,nevmarr
1,2.0,3.8333332538604736,37.134246826171875,1,gradwk,white0,divrcd
1,1.7272727489471436,3.5,55.619178771972656,0,gradwk,white0,married
0,1.2727272510528564,4.166666507720947,29.457534790039062,1,gradwk,white0,married
0,1.7999999523162842,4.0,42.928768157958984,1,gradwk,white0,divrcd
0,1.0,5.0,36.16712188720703,1,somcol,white0,married
0,1.2727272510528564,5.0,45.0,1,gradwk,white0,divrcd
1,1.2727272510528564,4.0,29.408218383789062,1,highsc,white0,married
1,3.3636362552642822,2.6666667461395264,50.52876663208008,1,bach,white0,nevmarr
0,3.090909004211426,4.0,22.80821990966797,1,bach,white0,nevmarr
1,1.6363636255264282,4.0,31.865753173828125,0,somcol,non.white1,married
1,1.1818181276321411,5.0,44.70684814453125,0,highsc,white0,married
1,1.3636363744735718,4.833333492279053,43.4876708984375,1,somcol,white0,divrcd
1,1.545454502105713,1.0,24.26301383972168,0,highsc,white0,nevmarr
0,3.0,3.5,43.405479431152344,1,gradwk,white0,nevmarr
1,2.090909004211426,3.3333332538604736,26.23835563659668,1,somcol,white0,divrcd
1,1.0,4.833333492279053,30.463014602661133,0,gradwk,non.white1,married
0,2.909090995788574,4.333333492279053,37.057533264160156,1,highsc,white0,divrcd
1,1.9090908765792847,3.6666667461395264,23.27671241760254,1,bach,white0,nevmarr
1,1.2727272510528564,4.333333492279053,32.9561653137207,0,somcol,non.white1,nevmarr
0,1.545454502105713,3.3333332538604736,31.99452018737793,0,somcol,non.white1,nevmarr
1,3.454545497894287,4.166666507720947,50.80548095703125,1,highsc,white0,married
1,3.0,4.333333492279053,47.39725875854492,1,gradwk,white0,separtd
0,2.0,3.0,40.55068588256836,0,gradwk,non.white1,married
1,2.7272727489471436,3.0,40.20547866821289,0,somcol,white0,married
1,1.6363636255264282,3.0,45.37260437011719,1,highsc,white0,divrcd
0,3.090909004211426,4.333333492279053,46.72876739501953,1,highsc,non.white1,divrcd
1,1.454545497894287,3.3333332538604736,30.093151092529297,0,gradwk,white0,married
0,1.0,5.0,44.71780776977539,1,highsc,white0,divrcd
1,2.4000000953674316,2.8333332538604736,56.569862365722656,1,bach,white0,divrcd
1,1.3636363744735718,3.6666667461395264,47.569862365722656,0,bach,white0,married
1,1.0,5.0,34.87397384643555,1,somcol,non.white1,nevmarr
1,1.7272727489471436,4.0,53.583560943603516,0,gradwk,non.white1,married
1,2.2727272510528564,3.8333332538604736,42.632877349853516,0,highsc,white0,married
1,1.1818181276321411,3.6666667461395264,59.0191764831543,1,highsc,white0,married
0,1.0,4.333333492279053,36.060272216796875,0,bach,white0,married
1,1.1818181276321411,4.0,52.40821838378906,0,somcol,white0,married
1,1.8181818723678589,4.0,36.583560943603516,1,highsc,white0,nevmarr
0,1.1818181276321411,5.0,22.227397918701172,1,somcol,non.white1,nevmarr
0,1.9090908765792847,4.166666507720947,61.649314880371094,1,gradwk,white0,divrcd
0,1.1818181276321411,4.5,38.21369934082031,0,somcol,white0,divrcd
1,1.2727272510528564,4.5,37.27945327758789,1,highsc,white0,married
1,1.1818181276321411,4.166666507720947,32.73150634765625,0,bach,non.white1,divrcd
1,1.9090908765792847,4.0,58.96164321899414,0,gradwk,white0,married
1,1.454545497894287,4.833333492279053,26.863014221191406,1,somcol,non.white1,nevmarr
1,1.0909091234207153,4.833333492279053,37.66301345825195,0,gradwk,white0,married
1,1.6363636255264282,4.5,45.49863052368164,0,gradwk,white0,married
1,1.2727272510528564,4.666666507720947,40.68218994140625,1,bach,white0,married
1,1.0909091234207153,5.0,47.41095733642578,0,somcol,white0,married
1,3.0,2.5,40.120548248291016,1,gradwk,white0,married
0,1.6363636255264282,3.3333332538604736,45.326026916503906,0,bach,white0,married
0,1.2727272510528564,3.3333332538604736,45.94520568847656,0,gradwk,white0,married
0,1.1818181276321411,3.5,29.29589080810547,1,highsc,white0,divrcd
0,1.9090908765792847,3.6666667461395264,60.057533264160156,1,somcol,white0,married
1,1.1818181276321411,2.1666667461395264,20.857534408569336,0,somcol,white0,nevmarr
1,2.6363637447357178,3.5,49.62739562988281,1,highsc,white0,married
0,1.7272727489471436,3.8333332538604736,20.03835678100586,1,lt-hs,white0,nevmarr
0,1.9090908765792847,5.0,44.9068489074707,1,somcol,white0,divrcd
1,2.090909004211426,4.5,32.427398681640625,1,somcol,white0,married
0,1.6363636255264282,3.1666667461395264,30.920547485351562,0,bach,white0,nevmarr
1,2.0,4.833333492279053,52.9068489074707,0,bach,white0,married
1,1.454545497894287,4.5,32.4383544921875,0,highsc,white0,married
1,1.3636363744735718,4.666666507720947,43.74520492553711,1,bach,white0,divrcd
1,2.8181817531585693,4.5,54.73972702026367,1,highsc,white0,divrcd
1,1.3636363744735718,4.666666507720947,32.8821907043457,0,bach,white0,divrcd
0,1.6363636255264282,2.5,39.876712799072266,1,somcol,non.white1,nevmarr
1,1.1818181276321411,4.5,42.50410842895508,0,somcol,white0,married
1,2.0,3.5,43.63835525512695,0,gradwk,white0,married
1,1.0,4.5,26.904109954833984,0,bach,white0,nevmarr
1,1.0909091234207153,3.6666667461395264,40.49314880371094,1,highsc,white0,married
1,3.545454502105713,4.0,33.75890350341797,0,highsc,white0,nevmarr
1,1.0,4.0,47.24109649658203,1,highsc,white0,nevmarr
0,2.8181817531585693,3.8333332538604736,43.4191780090332,1,highsc,white0,divrcd
1,1.2727272510528564,4.0,24.70410919189453,1,bach,white0,nevmarr
1,1.0909091234207153,4.0,42.12602615356445,0,somcol,white0,married
1,2.545454502105713,2.6666667461395264,28.52054786682129,0,gradwk,white0,nevmarr
0,1.6363636255264282,3.0,24.065753936767578,1,lt-hs,white0,married
1,2.909090995788574,3.5,51.131507873535156,0,highsc,white0,widowed
1,1.8181818723678589,3.6666667461395264,24.76164436340332,0,lt-hs,white0,nevmarr
0,1.0,5.0,55.684932708740234,0,somcol,white0,married
0,1.1818181276321411,3.6666667461395264,30.024658203125,0,somcol,white0,married
1,1.9090908765792847,5.0,49.684932708740234,0,highsc,white0,married
1,2.7272727489471436,2.5,23.909589767456055,1,lt-hs,white0,nevmarr
1,3.909090995788574,4.333333492279053,47.46027374267578,0,somcol,white0,divrcd
0,2.090909004211426,3.5,28.45479393005371,0,somcol,white0,nevmarr
0,3.2727272510528564,1.6666666269302368,39.27397155761719,1,bach,white0,married
1,1.7272727489471436,3.5,25.835617065429688,1,lt-hs,white0,nevmarr
1,1.0,4.0,50.05205535888672,1,highsc,white0,divrcd
1,2.454545497894287,4.333333492279053,47.47397232055664,1,somcol,non.white1,divrcd
1,2.1818182468414307,3.5,50.87123107910156,0,somcol,white0,divrcd
0,2.0,4.833333492279053,44.20000076293945,1,highsc,white0,divrcd
0,1.399999976158142,5.0,45.095890045166016,0,somcol,white0,married
1,1.1818181276321411,2.1666667461395264,25.126028060913086,0,somcol,white0,nevmarr
1,2.090909004211426,4.5,40.75890350341797,0,somcol,white0,divrcd
1,2.2727272510528564,4.166666507720947,25.706850051879883,1,bach,white0,nevmarr
0,2.6363637447357178,3.1666667461395264,30.367122650146484,0,highsc,white0,nevmarr
0,1.0909091234207153,3.6666667461395264,27.24109649658203,1,gradwk,non.white1,married
1,1.0909091234207153,4.333333492279053,35.97808074951172,0,somcol,white0,married
1,1.545454502105713,4.333333492279053,31.824657440185547,1,highsc,white0,married
1,2.2727272510528564,3.5,34.16712188720703,0,lt-hs,white0,married
1,1.9090908765792847,3.6666667461395264,39.375343322753906,1,somcol,white0,married
1,2.0,1.1666666269302368,32.27945327758789,1,highsc,white0,nevmarr
1,1.7272727489471436,5.0,42.356163024902344,1,somcol,white0,nevmarr
0,3.090909004211426,4.166666507720947,29.882192611694336,0,highsc,white0,nevmarr
1,1.454545497894287,4.166666507720947,50.586299896240234,0,gradwk,white0,divrcd
0,2.2727272510528564,4.666666507720947,40.48493194580078,1,highsc,non.white1,nevmarr
1,1.545454502105713,2.8333332538604736,32.879451751708984,1,somcol,non.white1,married
0,1.3636363744735718,4.5,38.887672424316406,1,somcol,white0,divrcd
1,2.090909004211426,4.5,23.676712036132812,1,bach,white0,nevmarr
0,1.2727272510528564,4.0,35.112327575683594,1,highsc,white0,divrcd
0,1.2727272510528564,5.0,36.50959014892578,1,gradwk,white0,divrcd
1,1.2727272510528564,3.8333332538604736,35.93424606323242,1,highsc,white0,nevmarr
1,1.0909091234207153,4.166666507720947,38.684932708740234,0,bach,white0,nevmarr
0,1.6363636255264282,3.1666667461395264,23.671232223510742,0,bach,white0,nevmarr
1,1.1818181276321411,4.333333492279053,25.05205535888672,1,somcol,white0,married
1,1.9090908765792847,5.0,18.320547103881836,1,highsc,white0,nevmarr
1,1.0,4.833333492279053,37.9068489074707,1,somcol,non.white1,divrcd
1,1.9090908765792847,4.166666507720947,27.23013687133789,1,bach,white0,nevmarr
0,1.9090908765792847,3.0,34.93424606323242,1,lt-hs,white0,married
1,1.1818181276321411,3.8333332538604736,18.904109954833984,0,highsc,white0,nevmarr
0,2.545454502105713,4.0,41.30411148071289,0,somcol,white0,divrcd
0,1.1818181276321411,4.5,21.74520492553711,1,somcol,non.white1,nevmarr
0,2.6363637447357178,2.3333332538604736,33.890411376953125,1,highsc,non.white1,nevmarr
1,1.6363636255264282,4.0,60.72876739501953,0,gradwk,white0,married
1,2.3636362552642822,4.0,24.912328720092773,0,bach,white0,nevmarr
1,1.3636363744735718,4.666666507720947,23.893150329589844,0,somcol,non.white1,nevmarr
1,1.1818181276321411,4.0,22.172603607177734,1,somcol,white0,nevmarr
1,1.2727272510528564,5.0,41.90958786010742,0,gradwk,white0,married
0,1.0,5.0,48.671234130859375,1,bach,white0,nevmarr
0,1.3636363744735718,3.5,25.48493194580078,0,somcol,white0,nevmarr
0,1.3636363744735718,4.833333492279053,30.74520492553711,1,gradwk,white0,married
1,2.8181817531585693,4.833333492279053,45.926029205322266,0,somcol,white0,divrcd
0,2.2727272510528564,3.6666667461395264,52.05479431152344,1,bach,white0,married
1,1.7272727489471436,2.1666667461395264,59.375343322753906,1,lt-hs,white0,divrcd
1,2.090909004211426,4.666666507720947,48.95068359375,0,gradwk,non.white1,married
1,1.454545497894287,4.166666507720947,58.646575927734375,1,highsc,white0,married
0,1.7272727489471436,4.833333492279053,58.186302185058594,0,gradwk,white0,married
1,1.0,3.0,18.676712036132812,1,lt-hs,white0,nevmarr
1,2.090909004211426,3.8333332538604736,44.879451751708984,1,somcol,non.white1,nevmarr
0,1.2727272510528564,4.0,24.402740478515625,1,highsc,white0,nevmarr
1,1.454545497894287,5.0,44.70137023925781,1,highsc,white0,divrcd
0,1.0,4.0,46.400001525878906,1,highsc,white0,married
0,1.3636363744735718,4.0,33.24931335449219,0,highsc,white0,nevmarr
0,2.3636362552642822,4.166666507720947,30.120548248291016,1,somcol,non.white1,married
0,1.0909091234207153,3.0,53.082191467285156,1,gradwk,white0,married
1,1.545454502105713,3.5,39.106849670410156,0,somcol,white0,married
1,2.0,3.6666667461395264,70.00273895263672,1,highsc,white0,widowed
0,2.3636362552642822,4.0,39.10137176513672,1,somcol,white0,divrcd
0,2.090909004211426,4.666666507720947,33.46027374267578,1,somcol,non.white1,married
1,1.6363636255264282,3.3333332538604736,46.660274505615234,0,somcol,white0,married
1,2.7272727489471436,4.333333492279053,31.860273361206055,0,somcol,non.white1,married
1,1.0,5.0,21.632877349853516,1,somcol,white0,nevmarr
0,2.090909004211426,3.3333332538604736,25.2219181060791,0,highsc,white0,married
1,1.8181818723678589,2.8333332538604736,49.47397232055664,0,somcol,white0,married
1,1.8181818723678589,4.0,25.347944259643555,1,bach,white0,nevmarr
1,1.3636363744735718,4.166666507720947,32.586299896240234,0,highsc,white0,married
1,1.545454502105713,5.0,37.84657669067383,0,somcol,white0,separtd
1,1.2727272510528564,2.0,26.671232223510742,0,highsc,white0,nevmarr
1,2.1818182468414307,4.0,41.35890579223633,0,bach,white0,married
1,1.454545497894287,5.0,33.92054748535156,0,somcol,white0,married
1,1.8181818723678589,5.0,30.391780853271484,1,somcol,white0,divrcd
0,1.0,4.833333492279053,39.66575241088867,1,highsc,white0,divrcd
1,2.8181817531585693,3.8333332538604736,28.342466354370117,0,somcol,white0,married
1,1.1818181276321411,4.666666507720947,50.38630294799805,1,highsc,white0,married
0,1.2727272510528564,3.3333332538604736,25.082191467285156,1,somcol,white0,divrcd
1,1.0,5.0,20.75616455078125,0,highsc,white0,nevmarr
0,3.1818182468414307,4.166666507720947,46.32328796386719,1,highsc,white0,divrcd
1,1.454545497894287,4.166666507720947,39.95890426635742,1,somcol,white0,married
1,2.7272727489471436,3.3333332538604736,32.98630142211914,1,gradwk,white0,nevmarr
0,1.9090908765792847,3.6666667461395264,29.304109573364258,0,somcol,white0,married
1,1.8181818723678589,4.5,33.4383544921875,1,highsc,white0,nevmarr
1,1.1818181276321411,5.0,33.87123107910156,1,bach,non.white1,nevmarr
1,1.0909091234207153,4.0,46.01095962524414,0,highsc,white0,married
0,2.1818182468414307,3.5,36.290409088134766,0,highsc,white0,married
1,2.545454502105713,3.8333332538604736,61.276710510253906,0,gradwk,white0,married
1,1.454545497894287,4.666666507720947,44.77534103393555,0,highsc,white0,married
1,2.1818182468414307,4.333333492279053,57.112327575683594,0,gradwk,white0,married
1,1.0909091234207153,4.166666507720947,27.676712036132812,1,highsc,white0,nevmarr
1,1.8181818723678589,4.166666507720947,44.49040985107422,0,somcol,white0,nevmarr
0,1.0909091234207153,5.0,52.134246826171875,0,bach,white0,married
0,1.3636363744735718,4.5,26.96164321899414,1,somcol,white0,divrcd
1,1.9090908765792847,4.833333492279053,41.10411071777344,0,bach,white0,nevmarr
0,2.1818182468414307,2.6666667461395264,26.25479507446289,0,gradwk,white0,nevmarr
1,4.181818008422852,3.6666667461395264,32.109588623046875,1,gradwk,white0,married
1,2.545454502105713,4.833333492279053,44.61369705200195,1,somcol,non.white1,married
0,2.6363637447357178,3.1666667461395264,33.25753402709961,0,highsc,white0,separtd
1,1.545454502105713,5.0,42.901371002197266,1,somcol,white0,divrcd
1,2.0,4.5,63.02191925048828,0,somcol,white0,married
0,2.0,3.5,33.400001525878906,0,somcol,white0,divrcd
0,2.909090995788574,3.6666667461395264,28.78082275390625,1,somcol,non.white1,nevmarr
1,3.2727272510528564,4.333333492279053,29.7342472076416,0,highsc,white0,married
0,1.454545497894287,4.0,43.73698806762695,1,somcol,white0,divrcd
1,1.3636363744735718,4.0,29.109588623046875,0,bach,white0,married
0,2.7272727489471436,4.0,36.430137634277344,0,highsc,white0,married
1,1.545454502105713,4.333333492279053,25.372602462768555,0,somcol,white0,nevmarr
1,1.3636363744735718,3.1666667461395264,44.632877349853516,0,somcol,non.white1,married
1,2.2727272510528564,4.0,34.87397384643555,1,somcol,white0,divrcd
1,1.0,3.0,36.98356246948242,1,highsc,white0,married
1,2.2727272510528564,3.1666667461395264,41.4191780090332,0,gradwk,white0,nevmarr
1,1.8181818723678589,4.666666507720947,25.884931564331055,0,bach,white0,nevmarr
1,2.6363637447357178,3.0,30.94246482849121,1,somcol,white0,nevmarr
1,1.2727272510528564,4.5,36.635616302490234,1,highsc,non.white1,nevmarr
0,2.090909004211426,3.1666667461395264,60.45753479003906,1,somcol,white0,married
1,1.3636363744735718,4.0,37.098628997802734,0,somcol,white0,married
0,1.0909091234207153,4.666666507720947,31.600000381469727,1,bach,white0,nevmarr
1,1.0,4.666666507720947,23.060274124145508,1,somcol,non.white1,nevmarr
1,1.454545497894287,4.0,35.30411148071289,1,gradwk,white0,married
0,1.454545497894287,3.6666667461395264,30.926027297973633,0,highsc,white0,nevmarr
1,1.0909091234207153,3.8333332538604736,24.115068435668945,0,highsc,non.white1,nevmarr
0,1.0,4.0,20.53150749206543,1,somcol,white0,nevmarr
1,2.090909004211426,3.0,41.646575927734375,0,bach,white0,divrcd
1,1.454545497894287,4.833333492279053,40.684932708740234,1,bach,white0,married
1,1.6363636255264282,4.5,54.86027526855469,0,lt-hs,white0,married
1,1.9090908765792847,4.0,27.05205535888672,1,bach,white0,nevmarr
1,1.1818181276321411,4.666666507720947,49.1178092956543,0,gradwk,white0,married
1,1.0909091234207153,4.166666507720947,44.339725494384766,1,highsc,white0,married
0,1.8181818723678589,3.8333332538604736,35.72602844238281,1,somcol,white0,married
0,1.0,5.0,46.79452133178711,0,somcol,white0,nevmarr
0,3.200000047683716,5.0,31.350685119628906,0,gradwk,non.white1,separtd
1,2.545454502105713,4.0,39.4438362121582,1,somcol,non.white1,married
1,1.1818181276321411,4.0,37.583560943603516,0,highsc,white0,married
1,1.0,4.5,32.42465591430664,0,somcol,non.white1,married
0,1.0,4.0,27.99726104736328,0,somcol,non.white1,married
1,1.6363636255264282,4.0,23.169862747192383,0,highsc,non.white1,nevmarr
1,1.0909091234207153,5.0,30.561643600463867,0,bach,white0,nevmarr
1,1.8181818723678589,4.5,39.81917953491211,0,somcol,white0,nevmarr
1,1.6363636255264282,4.0,43.61369705200195,0,somcol,white0,married
1,1.6363636255264282,3.6666667461395264,52.378082275390625,0,bach,white0,separtd
0,1.545454502105713,3.5,30.471233367919922,0,lt-hs,white0,nevmarr
0,2.454545497894287,3.0,24.345205307006836,1,highsc,white0,married
1,1.3636363744735718,4.833333492279053,31.657533645629883,0,bach,non.white1,nevmarr
1,1.0909091234207153,4.333333492279053,38.917808532714844,0,somcol,white0,married
1,2.0,4.333333492279053,46.77808380126953,0,somcol,white0,married
1,2.2727272510528564,3.8333332538604736,40.38356018066406,1,highsc,white0,married
0,1.0909091234207153,4.333333492279053,49.802738189697266,1,gradwk,white0,married
1,1.9090908765792847,4.5,44.210960388183594,0,somcol,white0,married
1,1.2727272510528564,4.833333492279053,61.56438446044922,1,gradwk,non.white1,widowed
0,1.454545497894287,4.666666507720947,34.3698616027832,0,somcol,white0,divrcd
1,1.1818181276321411,2.5,19.208219528198242,1,somcol,white0,nevmarr
0,2.1818182468414307,4.166666507720947,33.879451751708984,1,somcol,white0,married
0,2.545454502105713,3.3333332538604736,45.26301193237305,0,somcol,white0,nevmarr
1,2.090909004211426,5.0,29.849315643310547,0,somcol,white0,married
1,1.0,4.5,36.967124938964844,0,somcol,white0,divrcd
0,2.454545497894287,4.166666507720947,58.02191925048828,1,highsc,white0,widowed
1,2.3636362552642822,3.3333332538604736,50.380821228027344,1,highsc,white0,married
1,1.0909091234207153,5.0,44.51780700683594,1,bach,white0,married
1,1.7272727489471436,2.1666667461395264,24.430137634277344,1,bach,white0,nevmarr
1,2.909090995788574,2.8333332538604736,17.4876708984375,1,lt-hs,white0,nevmarr
0,1.8181818723678589,4.166666507720947,44.96438217163086,0,highsc,white0,married
1,1.454545497894287,4.0,29.799999237060547,1,bach,white0,nevmarr
1,1.2727272510528564,5.0,18.679452896118164,1,lt-hs,white0,nevmarr
1,1.2727272510528564,4.833333492279053,35.545204162597656,0,somcol,white0,nevmarr
1,1.0,4.833333492279053,28.23561668395996,1,highsc,white0,nevmarr
1,3.3636362552642822,3.0,28.983562469482422,1,highsc,white0,divrcd
1,1.0909091234207153,4.0,34.60274124145508,1,somcol,white0,married
1,1.2727272510528564,3.0,24.082191467285156,0,highsc,white0,nevmarr
1,1.7272727489471436,3.0,32.70137023925781,1,somcol,white0,married
1,2.1818182468414307,4.833333492279053,28.123287200927734,1,highsc,white0,married
1,2.909090995788574,2.3333332538604736,57.646575927734375,1,lt-hs,white0,married
1,2.454545497894287,3.8333332538604736,39.939727783203125,0,gradwk,white0,married
0,1.3636363744735718,3.0,45.55068588256836,1,somcol,white0,divrcd
1,2.090909004211426,4.333333492279053,39.90958786010742,0,somcol,white0,divrcd
1,1.8181818723678589,5.0,30.076711654663086,0,somcol,non.white1,nevmarr
0,4.909090995788574,3.6666667461395264,36.94794464111328,1,somcol,white0,married
1,2.1818182468414307,3.1666667461395264,30.104108810424805,0,lt-hs,white0,nevmarr
1,1.1818181276321411,4.833333492279053,55.81917953491211,1,gradwk,white0,married
1,2.2727272510528564,4.0,44.33424758911133,0,bach,white0,divrcd
0,2.1818182468414307,4.833333492279053,39.172603607177734,0,gradwk,white0,nevmarr
1,4.2727274894714355,3.1666667461395264,26.824657440185547,1,lt-hs,non.white1,nevmarr
1,2.2727272510528564,4.666666507720947,40.99177932739258,1,gradwk,white0,nevmarr
0,1.454545497894287,4.333333492279053,24.082191467285156,0,highsc,white0,married
1,1.545454502105713,3.1666667461395264,35.69588851928711,1,highsc,white0,married
1,1.8181818723678589,4.0,40.545204162597656,0,somcol,white0,nevmarr
1,1.454545497894287,4.333333492279053,37.34520721435547,1,somcol,white0,married
0,2.0,3.6666667461395264,20.663013458251953,1,somcol,non.white1,nevmarr
1,1.1818181276321411,4.833333492279053,22.99726104736328,1,somcol,white0,divrcd
1,1.2727272510528564,4.833333492279053,37.55342483520508,1,somcol,white0,married
0,1.0,2.6666667461395264,31.665754318237305,0,lt-hs,white0,nevmarr
1,2.1818182468414307,5.0,29.791780471801758,1,gradwk,white0,married
0,1.3636363744735718,2.3333332538604736,39.89588928222656,1,lt-hs,white0,divrcd
0,3.6363637447357178,4.166666507720947,37.00273895263672,0,highsc,non.white1,nevmarr
1,1.3636363744735718,3.8333332538604736,39.98356246948242,1,highsc,white0,married
1,2.2727272510528564,3.6666667461395264,30.934246063232422,0,gradwk,non.white1,married
1,1.1818181276321411,5.0,27.23013687133789,0,somcol,white0,married
1,1.0,4.0,22.934246063232422,1,somcol,non.white1,nevmarr
1,1.0909091234207153,2.6666667461395264,33.71780776977539,0,somcol,white0,nevmarr
1,1.7272727489471436,4.5,33.38356018066406,1,somcol,white0,divrcd
1,1.545454502105713,2.0,23.049314498901367,1,somcol,non.white1,nevmarr
1,1.7000000476837158,3.8333332538604736,37.81095886230469,1,bach,white0,nevmarr
1,1.2727272510528564,4.166666507720947,26.452054977416992,1,bach,white0,nevmarr
1,2.7272727489471436,3.5,41.46575164794922,0,highsc,non.white1,divrcd
0,1.2727272510528564,3.6666667461395264,34.169864654541016,1,gradwk,white0,married
0,1.454545497894287,3.0,42.40821838378906,1,highsc,white0,married
0,1.1818181276321411,3.8333332538604736,27.391780853271484,0,lt-hs,non.white1,married
0,1.3636363744735718,3.8333332538604736,31.824657440185547,1,highsc,white0,married
0,1.8181818723678589,4.166666507720947,32.42191696166992,0,somcol,white0,nevmarr
0,1.454545497894287,4.333333492279053,34.35890579223633,1,highsc,white0,married
1,2.2727272510528564,3.5,37.95890426635742,0,somcol,white0,married
1,1.9090908765792847,4.5,40.76164245605469,0,gradwk,white0,married
1,1.0909091234207153,4.0,36.84931564331055,1,highsc,white0,married
1,1.3636363744735718,5.0,44.35890579223633,1,somcol,non.white1,divrcd
1,1.454545497894287,5.0,53.68767166137695,1,somcol,white0,divrcd
1,1.6363636255264282,3.8333332538604736,35.342464447021484,1,somcol,white0,married
1,1.0,5.0,53.841094970703125,0,highsc,white0,married
1,2.6363637447357178,3.1666667461395264,31.983562469482422,1,somcol,non.white1,married
1,1.0909091234207153,4.0,33.30411148071289,0,highsc,white0,divrcd
1,2.1818182468414307,3.3333332538604736,46.45205307006836,1,highsc,non.white1,married
1,3.090909004211426,4.0,35.75068664550781,1,somcol,white0,widowed
0,2.090909004211426,3.6666667461395264,32.599998474121094,0,gradwk,non.white1,married
1,3.545454502105713,2.6666667461395264,48.01095962524414,1,somcol,white0,divrcd
1,1.454545497894287,3.8333332538604736,38.52328872680664,0,somcol,non.white1,married
1,2.545454502105713,4.666666507720947,29.24931526184082,1,bach,white0,married
0,2.6363637447357178,4.166666507720947,69.20274353027344,1,highsc,white0,married
1,2.3636362552642822,3.5,37.98356246948242,1,highsc,white0,nevmarr
1,1.0909091234207153,4.666666507720947,45.18082046508789,0,somcol,white0,married
1,1.454545497894287,5.0,26.890411376953125,0,highsc,non.white1,nevmarr
1,1.0,4.166666507720947,37.4383544921875,0,somcol,non.white1,nevmarr
0,2.545454502105713,3.5,28.682191848754883,0,bach,white0,married
0,1.2727272510528564,3.3333332538604736,38.830135345458984,1,gradwk,non.white1,married
1,2.6363637447357178,3.1666667461395264,24.21095848083496,0,somcol,white0,nevmarr
1,2.0,4.5,41.75068664550781,0,somcol,white0,divrcd
1,1.3636363744735718,4.666666507720947,56.99726104736328,1,highsc,white0,married
0,1.3636363744735718,3.8333332538604736,34.50685119628906,1,gradwk,white0,married
1,1.2727272510528564,4.0,54.38356018066406,0,somcol,white0,married
1,2.0,5.0,49.38630294799805,1,somcol,white0,divrcd
1,1.3636363744735718,5.0,53.03013610839844,1,highsc,white0,divrcd
1,2.6363637447357178,3.8333332538604736,46.55068588256836,1,somcol,white0,married
0,1.545454502105713,3.6666667461395264,39.942466735839844,1,somcol,white0,married
1,2.2727272510528564,3.6666667461395264,34.01369857788086,0,somcol,white0,married
1,2.6363637447357178,5.0,33.06575393676758,1,lt-hs,white0,widowed
1,1.3636363744735718,4.333333492279053,48.364383697509766,0,somcol,white0,married
1,1.2727272510528564,3.6666667461395264,28.47945213317871,0,somcol,white0,married
1,1.0,5.0,48.3945198059082,1,highsc,white0,separtd
0,1.2727272510528564,3.3333332538604736,43.05205535888672,1,bach,white0,widowed
1,1.3636363744735718,5.0,38.830135345458984,1,bach,white0,divrcd
0,2.5999999046325684,3.5,18.572603225708008,1,highsc,white0,nevmarr
0,2.1818182468414307,2.6666667461395264,18.657533645629883,1,highsc,white0,nevmarr
1,1.545454502105713,3.8333332538604736,41.54794692993164,1,highsc,white0,divrcd
1,2.454545497894287,4.333333492279053,34.23287582397461,1,bach,white0,divrcd
0,2.454545497894287,3.0,48.11507034301758,1,somcol,white0,widowed
1,1.0,5.0,28.49315071105957,1,somcol,white0,nevmarr
1,1.0,4.166666507720947,20.7780818939209,0,somcol,white0,married
1,1.454545497894287,3.8333332538604736,26.668493270874023,0,somcol,non.white1,nevmarr
0,3.090909004211426,4.166666507720947,36.405479431152344,1,somcol,white0,nevmarr
1,1.6363636255264282,5.0,20.75616455078125,1,lt-hs,white0,nevmarr
1,1.3636363744735718,3.8333332538604736,38.74520492553711,0,highsc,white0,married
1,2.2727272510528564,3.6666667461395264,28.44109535217285,1,highsc,white0,divrcd
0,2.2727272510528564,4.833333492279053,28.75342559814453,1,somcol,white0,nevmarr
1,2.2727272510528564,3.1666667461395264,48.27123260498047,1,somcol,white0,widowed
1,3.454545497894287,3.6666667461395264,47.378082275390625,1,somcol,white0,married
1,1.1818181276321411,5.0,27.306848526000977,1,bach,white0,married
1,1.3636363744735718,3.0,38.52602767944336,0,lt-hs,white0,married
1,2.2727272510528564,4.166666507720947,52.827396392822266,0,somcol,white0,married
0,1.3636363744735718,4.666666507720947,28.27123260498047,0,somcol,white0,nevmarr
1,1.9090908765792847,4.0,38.42191696166992,0,highsc,white0,nevmarr
1,1.3636363744735718,4.0,35.4438362121582,0,somcol,non.white1,nevmarr
1,1.3636363744735718,5.0,34.82465744018555,0,highsc,white0,nevmarr
1,1.7272727489471436,3.5,22.153425216674805,0,lt-hs,white0,nevmarr
1,1.0,5.0,30.76986312866211,0,somcol,non.white1,nevmarr
1,1.1818181276321411,3.8333332538604736,55.673973083496094,0,highsc,white0,married
1,2.3636362552642822,2.6666667461395264,20.369863510131836,1,lt-hs,white0,nevmarr
0,2.6363637447357178,4.666666507720947,26.334245681762695,1,somcol,white0,separtd
1,1.0,3.3333332538604736,42.26027297973633,0,highsc,non.white1,married
1,1.7272727489471436,4.0,36.926029205322266,0,somcol,white0,nevmarr
1,1.9090908765792847,5.0,35.328765869140625,1,highsc,white0,divrcd
1,1.2727272510528564,5.0,22.652055740356445,1,gradwk,white0,nevmarr
0,2.090909004211426,4.333333492279053,39.0931510925293,1,bach,non.white1,separtd
0,1.8181818723678589,3.6666667461395264,37.915069580078125,0,lt-hs,non.white1,divrcd
1,1.8181818723678589,2.5,50.02739715576172,0,somcol,white0,married
1,1.7272727489471436,1.5,36.00822067260742,0,somcol,non.white1,married
1,1.545454502105713,3.6666667461395264,39.904109954833984,1,highsc,white0,married
1,1.9090908765792847,3.5,62.24109649658203,1,somcol,white0,widowed
1,3.6363637447357178,3.6666667461395264,34.98356246948242,1,somcol,white0,married
1,1.0909091234207153,4.666666507720947,38.26575469970703,1,highsc,non.white1,nevmarr
0,1.1818181276321411,4.0,28.810958862304688,1,highsc,white0,divrcd
0,3.1818182468414307,3.1666667461395264,38.69588851928711,0,highsc,white0,divrcd
1,1.2727272510528564,5.0,51.156166076660156,0,bach,non.white1,married
1,1.8181818723678589,3.8333332538604736,36.926029205322266,1,somcol,white0,married
0,2.454545497894287,3.3333332538604736,29.915067672729492,1,gradwk,white0,nevmarr
0,2.454545497894287,4.666666507720947,47.43561553955078,1,gradwk,white0,married
0,1.0,4.333333492279053,44.34794616699219,1,highsc,white0,married
1,1.0,4.166666507720947,43.5315055847168,1,bach,white0,married
1,2.1818182468414307,3.8333332538604736,22.50136947631836,0,highsc,white0,nevmarr
0,2.8181817531585693,3.3333332538604736,44.095890045166016,1,highsc,white0,married
1,3.545454502105713,3.3333332538604736,27.44931411743164,1,somcol,white0,nevmarr
1,2.8181817531585693,4.333333492279053,41.597259521484375,0,somcol,white0,married
1,3.0,3.6666667461395264,23.095890045166016,0,bach,white0,nevmarr
1,2.7272727489471436,3.1666667461395264,26.19178009033203,1,highsc,white0,married
1,1.1818181276321411,5.0,42.632877349853516,0,gradwk,white0,divrcd
1,1.6363636255264282,3.1666667461395264,37.05479431152344,1,somcol,white0,married
0,1.0,5.0,41.709590911865234,0,highsc,non.white1,divrcd
1,1.0909091234207153,4.5,38.32054901123047,0,somcol,white0,married
0,2.0,3.5,42.12602615356445,1,bach,white0,divrcd
1,2.0,4.333333492279053,34.92054748535156,0,gradwk,non.white1,nevmarr
1,1.0909091234207153,4.166666507720947,37.99726104736328,0,highsc,non.white1,nevmarr
1,2.545454502105713,4.333333492279053,22.536985397338867,1,somcol,non.white1,nevmarr
1,1.1818181276321411,4.666666507720947,34.80821990966797,1,bach,non.white1,married
0,3.8181817531585693,4.166666507720947,32.27123260498047,0,somcol,white0,married
0,1.3636363744735718,3.8333332538604736,24.372602462768555,0,bach,white0,nevmarr
0,1.454545497894287,4.666666507720947,46.77808380126953,1,bach,white0,divrcd
1,1.545454502105713,5.0,38.6301383972168,1,highsc,white0,divrcd
1,1.454545497894287,5.0,24.227397918701172,1,bach,white0,nevmarr
0,1.1111111640930176,4.666666507720947,29.890411376953125,0,gradwk,white0,married
1,1.8181818723678589,3.8333332538604736,31.44931411743164,1,highsc,white0,separtd
0,2.3636362552642822,3.8333332538604736,21.79452133178711,1,bach,non.white1,nevmarr
0,1.0909091234207153,5.0,31.69862937927246,1,somcol,white0,divrcd
0,2.090909004211426,4.166666507720947,26.161643981933594,1,bach,white0,married
0,1.0,5.0,22.79452133178711,0,highsc,white0,nevmarr
1,1.7999999523162842,3.6666667461395264,32.06575393676758,1,gradwk,non.white1,nevmarr
1,1.0909091234207153,3.5,20.92876625061035,1,somcol,non.white1,nevmarr
0,1.0,4.666666507720947,34.49040985107422,1,bach,non.white1,divrcd
1,1.6363636255264282,3.6666667461395264,45.10411071777344,1,highsc,white0,married
1,1.0,4.5,50.96164321899414,0,bach,white0,married
1,1.545454502105713,4.0,53.210960388183594,0,bach,white0,married
1,1.0,4.666666507720947,24.07123374938965,1,somcol,non.white1,nevmarr
0,1.0,5.0,29.156164169311523,1,gradwk,non.white1,nevmarr
1,1.6363636255264282,4.333333492279053,58.8575325012207,1,highsc,white0,widowed
1,1.545454502105713,4.833333492279053,34.17808151245117,1,bach,non.white1,married
0,1.3636363744735718,5.0,34.20547866821289,0,somcol,non.white1,separtd
1,1.545454502105713,2.1666667461395264,23.51780891418457,0,somcol,white0,married
1,1.0,5.0,31.131505966186523,0,gradwk,non.white1,married
1,1.9090908765792847,4.5,26.646575927734375,0,bach,white0,married
1,1.1818181276321411,4.166666507720947,36.43287658691406,1,somcol,non.white1,widowed
1,2.6363637447357178,4.333333492279053,40.901371002197266,1,somcol,white0,separtd
0,1.2727272510528564,2.5,26.71232795715332,0,somcol,non.white1,divrcd
1,1.2727272510528564,4.333333492279053,57.90958786010742,1,highsc,white0,widowed
1,1.7272727489471436,4.333333492279053,44.813697814941406,1,highsc,white0,divrcd
1,1.7272727489471436,4.166666507720947,38.20547866821289,0,highsc,white0,married
1,3.6363637447357178,3.0,40.97260284423828,0,somcol,white0,married
0,1.454545497894287,5.0,48.90958786010742,1,gradwk,non.white1,married
0,1.545454502105713,4.0,25.043834686279297,1,somcol,white0,married
0,1.3636363744735718,4.5,30.975341796875,1,bach,non.white1,divrcd
